family,order,seasonal_order,status,mae,rmse,mape,aic,bic,ticker,error
AR,"(1, 0, 0)","(0, 0, 0, 0)",ok,20.09926632290634,27.631545057193314,7.017356046068661,-6582.582931076661,-6567.280375349829,AAPL,
AR,"(2, 0, 0)","(0, 0, 0, 0)",ok,20.67406458951785,28.371234158737806,7.220094776996366,-6577.714534298295,-6557.314425631778,AAPL,
AR,"(3, 0, 0)","(0, 0, 0, 0)",ok,20.68655888221719,28.4092840003845,7.223882506096604,-6569.924467145337,-6544.428458427572,AAPL,
MA,"(0, 0, 1)","(0, 0, 0, 0)",ok,85.07913187502248,87.07452913944665,31.125876584309438,-1985.611335001298,-1970.3112535014102,AAPL,
MA,"(0, 0, 2)","(0, 0, 0, 0)",ok,84.42728430479978,86.72875493010547,30.87348558177062,-3180.4208883486335,-3160.0240813744213,AAPL,
MA,"(0, 0, 3)","(0, 0, 0, 0)",ok,83.98934308443681,86.46388126885681,30.703971096423732,-3937.8357707849077,-3912.3438925919536,AAPL,
ARMA,"(1, 0, 1)","(0, 0, 0, 0)",ok,20.626073535234415,28.31251511327087,7.203069421719712,-6577.649236249179,-6557.249127582662,AAPL,
ARMA,"(1, 0, 2)","(0, 0, 0, 0)",ok,20.66848668193988,28.387901189252677,7.2174497883972855,-6570.093485992893,-6544.597477275128,AAPL,
ARMA,"(2, 0, 1)","(0, 0, 0, 0)",ok,20.76552605192878,28.498010748324585,7.2521241295410475,-6575.276060395256,-6549.775924562109,AAPL,
ARMA,"(2, 0, 2)","(0, 0, 0, 0)",ok,20.674387641505056,28.400220981680455,7.2193990166969755,-6567.828841342304,-6537.233630880985,AAPL,
ARIMA,"(0, 1, 1)","(0, 0, 0, 0)",ok,14.028367000002815,19.36254582221907,4.919040107512542,-6571.8573137577005,-6556.559708527041,AAPL,
ARIMA,"(0, 1, 2)","(0, 0, 0, 0)",ok,13.984049192700587,19.305726853942797,4.9040710578246784,-6563.826279818154,-6543.432777263791,AAPL,
ARIMA,"(1, 1, 0)","(0, 0, 0, 0)",ok,13.976470904963158,19.273982920859417,4.902090793321387,-6577.835101588304,-6562.535020088416,AAPL,
ARIMA,"(1, 1, 1)","(0, 0, 0, 0)",ok,14.019973913647856,19.352481661584534,4.916184064840282,-6569.947169317034,-6549.550362342822,AAPL,
ARIMA,"(1, 1, 2)","(0, 0, 0, 0)",ok,13.999755213068696,19.33210114163591,4.909223853299282,-6561.344455319208,-6535.852577126254,AAPL,
ARIMA,"(2, 1, 0)","(0, 0, 0, 0)",ok,13.983470875845466,19.299093552529268,4.904034013941687,-6570.089980607593,-6549.693173633381,AAPL,
ARIMA,"(2, 1, 1)","(0, 0, 0, 0)",ok,13.973781797071435,19.2885998087995,4.900709241697016,-6568.417757999932,-6542.921749282167,AAPL,
ARIMA,"(2, 1, 2)","(0, 0, 0, 0)",ok,14.057786653116555,19.406829552665208,4.928780062578091,-6561.036212279019,-6530.445958447474,AAPL,
ARIMA,"(0, 2, 1)","(0, 0, 0, 0)",ok,27.548647596112147,36.058731384207476,9.689911058483597,-6516.633400725126,-6501.338273809354,AAPL,
ARIMA,"(0, 2, 2)","(0, 0, 0, 0)",ok,18.969037121930644,26.785048633544132,6.602808347653055,-6536.930985685172,-6516.540790282713,AAPL,
ARIMA,"(1, 2, 0)","(0, 0, 0, 0)",ok,209.27935063929056,240.81632747575438,76.0683601657019,-6111.722396083396,-6096.424790852737,AAPL,
ARIMA,"(1, 2, 1)","(0, 0, 0, 0)",ok,18.422485457977725,25.63625936912087,6.423547979092676,-6525.922295602744,-6505.528793048381,AAPL,
ARIMA,"(1, 2, 2)","(0, 0, 0, 0)",ok,15.004299256033846,20.985817413209748,5.241820710870031,-6543.133329961012,-6517.645585707938,AAPL,
ARIMA,"(2, 2, 0)","(0, 0, 0, 0)",ok,163.12338280410876,187.7550511723079,59.34758601648701,-6206.358489282706,-6185.964986728342,AAPL,
ARIMA,"(2, 2, 1)","(0, 0, 0, 0)",ok,18.368208003268283,26.071570798714237,6.39060173577233,-6545.981965858441,-6520.490087665487,AAPL,
ARIMA,"(2, 2, 2)","(0, 0, 0, 0)",ok,16.970695282709805,23.877905708304244,5.912898619131378,-6511.64249196767,-6481.057198863981,AAPL,
SARIMAX,"(0, 1, 0)","(0, 0, 1, 5)",ok,14.17008562168367,19.572688716159778,4.966165748931357,-6544.042151119218,-6528.754471455925,AAPL,
SARIMAX,"(0, 1, 0)","(0, 1, 1, 5)",ok,16.64748420368295,23.36791170551856,5.80298184084579,-6490.126099543345,-6474.850873198059,AAPL,
SARIMAX,"(0, 1, 0)","(1, 0, 0, 5)",ok,14.196394368443945,19.619122815997176,4.974748525801546,-6550.251689195759,-6534.961525060275,AAPL,
SARIMAX,"(0, 1, 0)","(1, 0, 1, 5)",ok,14.16721298955947,19.568229888470718,4.96521121171189,-6542.141546948382,-6521.757974063991,AAPL,
SARIMAX,"(0, 1, 0)","(1, 1, 0, 5)",ok,36.251660209655334,44.275949335397925,12.879140431034644,-5980.808412905795,-5965.530691757871,AAPL,
SARIMAX,"(0, 1, 0)","(1, 1, 1, 5)",ok,16.713337112946846,23.47957116603073,5.825035990743578,-6484.640324050396,-6464.273355590015,AAPL,
SARIMAX,"(0, 1, 1)","(0, 0, 1, 5)",ok,14.05137831935109,19.419054747681322,4.925944892394255,-6538.652635523121,-6518.272378013972,AAPL,
SARIMAX,"(0, 1, 1)","(0, 1, 0, 5)",ok,20.088065400972923,26.216519836833577,7.065924504346296,-5685.851171647255,-5670.565978515394,AAPL,
SARIMAX,"(0, 1, 1)","(0, 1, 1, 5)",ok,16.64039948870261,23.439526714570146,5.798213584098442,-6485.385598625788,-6465.021959337468,AAPL,
SARIMAX,"(0, 1, 1)","(1, 0, 0, 5)",ok,14.044197292372864,19.406539254354954,4.923621185073652,-6551.154898146513,-6530.768012632534,AAPL,
SARIMAX,"(0, 1, 1)","(1, 0, 1, 5)",ok,14.045798444973618,19.41158806004138,4.924069694610502,-6536.723047196448,-6511.247725310012,AAPL,
SARIMAX,"(0, 1, 1)","(1, 1, 0, 5)",ok,34.60073653057616,42.49145699080715,12.28058496118691,-5980.146867181034,-5959.776572317136,AAPL,
SARIMAX,"(0, 1, 1)","(1, 1, 1, 5)",ok,13.829532393975306,19.044093822943726,4.853155325362238,-6480.064984918188,-6454.610435807788,AAPL,
SARIMAX,"(1, 1, 0)","(0, 0, 1, 5)",ok,14.004559352742028,19.339092443925942,4.910655737254718,-6545.023354755636,-6524.639781871246,AAPL,
SARIMAX,"(1, 1, 0)","(0, 1, 0, 5)",ok,19.32999452036942,25.356936509718007,6.796283791530485,-5691.983276228082,-5676.695596564789,AAPL,
SARIMAX,"(1, 1, 0)","(0, 1, 1, 5)",ok,14.093639966491441,19.486291224639267,4.939973379393308,-6491.177396641697,-6470.810428181316,AAPL,
SARIMAX,"(1, 1, 0)","(1, 0, 0, 5)",ok,14.017677332220382,19.361212468807732,4.914958848430658,-6544.944325542683,-6524.560752658293,AAPL,
SARIMAX,"(1, 1, 0)","(1, 0, 1, 5)",ok,14.016176847389685,19.36068602988324,4.914401240750469,-6543.107561700547,-6517.62809559506,AAPL,
SARIMAX,"(1, 1, 0)","(1, 1, 0, 5)",ok,35.06504132055182,43.102620543584536,12.444772720743858,-5974.816978764271,-5954.45001030389,AAPL,
SARIMAX,"(1, 1, 0)","(1, 1, 1, 5)",ok,13.978866872053942,19.31478056715579,4.901508791540641,-6486.151285804244,-6460.692575228769,AAPL,
SARIMAX,"(1, 1, 1)","(0, 0, 1, 5)",ok,14.023515467350068,19.37371610058661,4.916787499601097,-6536.730127798695,-6511.25480591226,AAPL,
SARIMAX,"(1, 1, 1)","(0, 1, 0, 5)",ok,17.469822010297424,23.126388696975642,6.140517387770447,-5684.861437119598,-5664.4811796104495,AAPL,
SARIMAX,"(1, 1, 1)","(0, 1, 1, 5)",ok,18.569188744470935,25.963565459791983,6.470865760198493,-6481.880506066276,-6456.425956955876,AAPL,
SARIMAX,"(1, 1, 1)","(1, 0, 0, 5)",ok,14.018137586152212,19.362671183128917,4.915090938897622,-6542.945874935358,-6517.4664088298705,AAPL,
SARIMAX,"(1, 1, 1)","(1, 0, 1, 5)",ok,14.026290311458135,19.37946664125472,4.917664638331362,-6534.808572890783,-6504.23818662706,AAPL,
SARIMAX,"(1, 1, 1)","(1, 1, 0, 5)",ok,34.11250926823194,42.08458367591051,12.099083700891708,-5972.75232596081,-5947.293615385334,AAPL,
SARIMAX,"(1, 1, 1)","(1, 1, 1, 5)",ok,17.06273533677781,24.03319423397382,5.943865229748025,-6476.76054445045,-6446.21508551797,AAPL,
AR,"(1, 0, 0)","(0, 0, 0, 0)",ok,63.04386671065697,66.60384303171061,15.927168931143482,-6593.9168524127945,-6578.6142966859625,MSFT,
AR,"(2, 0, 0)","(0, 0, 0, 0)",ok,63.188230389266614,66.73126819471251,15.96265777068046,-6585.850939877357,-6565.45083121084,MSFT,
AR,"(3, 0, 0)","(0, 0, 0, 0)",ok,63.29005277101287,66.77487918172419,15.985795252266138,-6580.22652542944,-6554.730516711675,MSFT,
MA,"(0, 0, 1)","(0, 0, 0, 0)",ok,50.80165122375144,55.1892619397758,12.305556601352494,-1390.5544666196165,-1375.2543851197288,MSFT,
MA,"(0, 0, 2)","(0, 0, 0, 0)",ok,50.015425504979035,54.03165689218294,12.137550809722452,-2609.770999722198,-2589.374192747986,MSFT,
MA,"(0, 0, 3)","(0, 0, 0, 0)",ok,49.58900429530867,53.46640977242247,12.042571920576863,-3492.051735878868,-3466.559857685914,MSFT,
ARMA,"(1, 0, 1)","(0, 0, 0, 0)",ok,63.22869512656991,66.76783898085203,15.972637508544407,-6585.862648317219,-6565.462539650703,MSFT,
ARMA,"(1, 0, 2)","(0, 0, 0, 0)",ok,63.33726124271301,66.81369401140546,15.99727420013749,-6580.29204215863,-6554.796033440864,MSFT,
ARMA,"(2, 0, 1)","(0, 0, 0, 0)",ok,63.41422534240751,66.91440443571295,16.017540673857972,-6584.5222053602265,-6559.02206952708,MSFT,
ARMA,"(2, 0, 2)","(0, 0, 0, 0)",ok,63.28541361311401,66.73661242772857,15.983252721880921,-6579.2173327218225,-6548.622122260504,MSFT,
ARIMA,"(0, 1, 1)","(0, 0, 0, 0)",ok,72.5986390740297,75.57365885891885,18.285231414610973,-6581.077970592074,-6565.780365361415,MSFT,
ARIMA,"(0, 1, 2)","(0, 0, 0, 0)",ok,71.669246553796,74.65400949679515,18.05375517956694,-6575.134781310939,-6554.741278756575,MSFT,
ARIMA,"(1, 1, 0)","(0, 0, 0, 0)",ok,72.78926528798381,75.75859876264391,18.332323038861595,-6586.714954501234,-6571.414873001347,MSFT,
ARIMA,"(1, 1, 1)","(0, 0, 0, 0)",ok,70.97518107735229,73.98063376777343,17.882005999681294,-6580.873756149838,-6560.476949175626,MSFT,
ARIMA,"(1, 1, 2)","(0, 0, 0, 0)",ok,70.86348599039735,73.86397226072829,17.853388679770323,-6574.019208974694,-6548.527330781741,MSFT,
ARIMA,"(2, 1, 0)","(0, 0, 0, 0)",ok,71.87488268151024,74.85264505451596,18.104546688859475,-6581.237101578044,-6560.840294603831,MSFT,
ARIMA,"(2, 1, 1)","(0, 0, 0, 0)",ok,72.90559548380692,75.92325555907927,18.36527104954374,-6568.473270859393,-6542.977262141628,MSFT,
ARIMA,"(2, 1, 2)","(0, 0, 0, 0)",ok,72.37636331761844,75.33459523506171,18.22881472575919,-6568.5646364061995,-6537.974382574655,MSFT,
ARIMA,"(0, 2, 1)","(0, 0, 0, 0)",ok,51.36083264925643,56.37426434315025,13.030691032320174,-6563.526035996065,-6548.230909080293,MSFT,
ARIMA,"(0, 2, 2)","(0, 0, 0, 0)",ok,56.70676213107187,61.037245682356016,14.362279786718235,-6539.8922521534205,-6519.502056750961,MSFT,
ARIMA,"(1, 2, 0)","(0, 0, 0, 0)",ok,422.41860248340015,468.9066454092933,104.60466109833253,-6052.6949024349715,-6037.397297204312,MSFT,
ARIMA,"(1, 2, 1)","(0, 0, 0, 0)",ok,50.95080417642561,56.01024517453497,12.928172205724334,-6559.991775130524,-6539.5982725761605,MSFT,
ARIMA,"(1, 2, 2)","(0, 0, 0, 0)",ok,57.826856292084166,61.948984595560525,14.638033665469363,-6555.621064589285,-6530.133320336211,MSFT,
ARIMA,"(2, 2, 0)","(0, 0, 0, 0)",ok,442.9857100151829,492.62297355670285,109.67722909873181,-6182.858983642729,-6162.465481088366,MSFT,
ARIMA,"(2, 2, 1)","(0, 0, 0, 0)",ok,58.949554649126824,63.032754292697824,14.918628629152986,-6550.798160047425,-6525.306281854471,MSFT,
ARIMA,"(2, 2, 2)","(0, 0, 0, 0)",ok,62.674005596640626,66.32299251440243,15.837938215338013,-6521.182569971096,-6490.597276867407,MSFT,
SARIMAX,"(0, 1, 0)","(0, 0, 1, 5)",ok,72.81407936479872,75.78606637604344,18.339141745160358,-6557.477130830056,-6542.189451166763,MSFT,
SARIMAX,"(0, 1, 0)","(0, 1, 1, 5)",ok,64.58494755159538,68.04170707327111,16.30884066598337,-6500.763292098805,-6485.48806575352,MSFT,
SARIMAX,"(0, 1, 0)","(1, 0, 0, 5)",ok,72.93607950620417,75.90416860673328,18.36928646766882,-6563.469018969994,-6548.178854834509,MSFT,
SARIMAX,"(0, 1, 0)","(1, 0, 1, 5)",ok,72.40077218851009,75.3843167314811,18.23668811374603,-6554.02050663944,-6533.6369337550495,MSFT,
SARIMAX,"(0, 1, 0)","(1, 1, 0, 5)",ok,67.18965262782058,70.36154822452791,16.920233338723296,-6046.544613151902,-6031.266892003978,MSFT,
SARIMAX,"(0, 1, 0)","(1, 1, 1, 5)",ok,67.54145206192646,70.7688449735724,17.037883296767713,-6494.43214769533,-6474.065179234949,MSFT,
SARIMAX,"(0, 1, 1)","(0, 0, 1, 5)",ok,72.66449486201662,75.63906580738978,18.301998878217738,-6549.27921685696,-6528.898959347812,MSFT,
SARIMAX,"(0, 1, 1)","(0, 1, 0, 5)",ok,150.76039847189543,160.1461176706223,37.542580086020216,-5765.9369509008975,-5750.6517577690365,MSFT,
SARIMAX,"(0, 1, 1)","(0, 1, 1, 5)",ok,69.5099537400448,72.62106909573461,17.52346378795205,-6492.932848204872,-6472.569208916552,MSFT,
SARIMAX,"(0, 1, 1)","(1, 0, 0, 5)",ok,72.7832850168323,75.75400731560333,18.331350426501658,-6561.721711390706,-6541.334825876727,MSFT,
SARIMAX,"(0, 1, 1)","(1, 0, 1, 5)",ok,72.34616886108951,75.32903932976514,18.22297985511164,-6546.17414550719,-6520.698823620754,MSFT,
SARIMAX,"(0, 1, 1)","(1, 1, 0, 5)",ok,65.99579216236148,69.20467603967123,16.625597552097844,-6045.2868726849665,-6024.916577821068,MSFT,
SARIMAX,"(0, 1, 1)","(1, 1, 1, 5)",ok,63.745744806899516,67.26744736245068,16.10145540244461,-6486.887913558885,-6461.433364448485,MSFT,
SARIMAX,"(1, 1, 0)","(0, 0, 1, 5)",ok,72.73690807083615,75.7095364467691,18.319916264781792,-6555.715641961861,-6535.332069077471,MSFT,
SARIMAX,"(1, 1, 0)","(0, 1, 0, 5)",ok,149.82705512193454,159.04127084067522,37.31457189196872,-5771.387512730336,-5756.099833067044,MSFT,
SARIMAX,"(1, 1, 0)","(0, 1, 1, 5)",ok,64.80246905161218,68.23560033701254,16.36228161299493,-6498.239790918806,-6477.872822458425,MSFT,
SARIMAX,"(1, 1, 0)","(1, 0, 0, 5)",ok,72.7321014332004,75.70503481085332,18.318765430380473,-6555.6782186824585,-6535.294645798068,MSFT,
SARIMAX,"(1, 1, 0)","(1, 0, 1, 5)",ok,72.28928906534543,75.27466915418897,18.208990801895386,-6552.43343568541,-6526.953969579922,MSFT,
SARIMAX,"(1, 1, 0)","(1, 1, 0, 5)",ok,65.85659898102239,69.08149200731962,16.592111008431317,-6039.325661192057,-6018.958692731676,MSFT,
SARIMAX,"(1, 1, 0)","(1, 1, 1, 5)",ok,64.30056345516687,67.77220613944885,16.23831042640334,-6492.581761454339,-6467.123050878864,MSFT,
SARIMAX,"(1, 1, 1)","(0, 0, 1, 5)",ok,70.94789161551934,73.94824564419284,17.875126971713726,-6550.065138116994,-6524.589816230558,MSFT,
SARIMAX,"(1, 1, 1)","(0, 1, 0, 5)",ok,45.79136312651115,51.8576596677571,11.634923662026823,-5890.251113457727,-5869.8708559485785,MSFT,
SARIMAX,"(1, 1, 1)","(0, 1, 1, 5)",failed,,,,,,MSFT,Input contains NaN.
SARIMAX,"(1, 1, 1)","(1, 0, 0, 5)",ok,71.11887140524972,74.11146494485403,17.917124110280586,-6555.724008624463,-6530.244542518975,MSFT,
SARIMAX,"(1, 1, 1)","(1, 0, 1, 5)",ok,70.32030468365964,73.3455792777798,17.719953023347852,-6546.088100506975,-6515.517714243252,MSFT,
SARIMAX,"(1, 1, 1)","(1, 1, 0, 5)",ok,56.59751710752474,60.51575928983671,14.309463681308687,-6096.261724568833,-6070.803013993358,MSFT,
SARIMAX,"(1, 1, 1)","(1, 1, 1, 5)",ok,39.22001226982154,46.778611967498996,9.994431715632777,-6439.011457926374,-6408.465998993894,MSFT,
AR,"(1, 0, 0)","(0, 0, 0, 0)",ok,11.080473351008425,13.64425430912877,5.6882669824677174,-7349.771988194435,-7334.469432467603,NVDA,
AR,"(2, 0, 0)","(0, 0, 0, 0)",ok,10.821326633783118,13.357914840005042,5.599699640709772,-7352.636954189304,-7332.236845522787,NVDA,
AR,"(3, 0, 0)","(0, 0, 0, 0)",ok,10.933994916861167,13.48874886725491,5.640355881425896,-7347.24787889391,-7321.751870176145,NVDA,
MA,"(0, 0, 1)","(0, 0, 0, 0)",ok,119.38329200672347,120.5756899646441,61.38308277781197,-1410.074944190323,-1394.7748626904354,NVDA,
MA,"(0, 0, 2)","(0, 0, 0, 0)",ok,118.48633302138029,120.00124523981383,60.910758693034396,-2688.0846419783384,-2667.687835004126,NVDA,
MA,"(0, 0, 3)","(0, 0, 0, 0)",ok,118.16834922056175,119.74820511736363,60.74502287342008,-3626.549863097988,-3601.0579849050337,NVDA,
ARMA,"(1, 0, 1)","(0, 0, 0, 0)",ok,10.832506865972004,13.37165387024348,5.6023215950633976,-7351.422730377533,-7331.022621711017,NVDA,
ARMA,"(1, 0, 2)","(0, 0, 0, 0)",ok,10.969512409539497,13.524567760763118,5.6535325117306625,-7346.619092893061,-7321.123084175296,NVDA,
ARMA,"(2, 0, 1)","(0, 0, 0, 0)",ok,10.86606758066139,13.411868962764524,5.616393875459356,-7353.927015267922,-7328.426879434775,NVDA,
ARMA,"(2, 0, 2)","(0, 0, 0, 0)",ok,10.920019059618424,13.474066901337867,5.634332371254967,-7345.617331752798,-7315.022121291479,NVDA,
ARIMA,"(0, 1, 1)","(0, 0, 0, 0)",ok,11.312683946723293,13.941618221283633,5.777973014848418,-7346.311670415121,-7331.014065184461,NVDA,
ARIMA,"(0, 1, 2)","(0, 0, 0, 0)",ok,11.303671647111347,13.928567526656934,5.7777159410101895,-7341.494789817358,-7321.101287262994,NVDA,
ARIMA,"(1, 1, 0)","(0, 0, 0, 0)",ok,11.286926928014706,13.908353104666832,5.768857339849076,-7354.561001728457,-7339.260920228569,NVDA,
ARIMA,"(1, 1, 1)","(0, 0, 0, 0)",ok,11.28791624415969,13.905105357237943,5.773069439560042,-7347.625132065593,-7327.228325091381,NVDA,
ARIMA,"(1, 1, 2)","(0, 0, 0, 0)",ok,11.311542335344788,13.939062353950945,5.779908524285455,-7340.144617542946,-7314.652739349993,NVDA,
ARIMA,"(2, 1, 0)","(0, 0, 0, 0)",ok,11.290270096132822,13.91036372268433,5.772441945726955,-7349.211854099792,-7328.815047125579,NVDA,
ARIMA,"(2, 1, 1)","(0, 0, 0, 0)",ok,11.30823339060433,13.93419215061197,5.779312082348874,-7346.410381809268,-7320.914373091503,NVDA,
ARIMA,"(2, 1, 2)","(0, 0, 0, 0)",ok,11.289337145503913,13.90674820651727,5.773531771624926,-7337.391814768085,-7306.80156093654,NVDA,
ARIMA,"(0, 2, 1)","(0, 0, 0, 0)",ok,11.335473406983338,13.967876521620708,5.791777532389478,-7275.441717526175,-7260.146590610403,NVDA,
ARIMA,"(0, 2, 2)","(0, 0, 0, 0)",ok,11.221798089158748,13.816347409441798,5.75065398895132,-7306.561224112565,-7286.171028710105,NVDA,
ARIMA,"(1, 2, 0)","(0, 0, 0, 0)",ok,10.813589819909735,13.472147819791322,5.7624981131195945,-6866.819554347831,-6851.521949117172,NVDA,
ARIMA,"(1, 2, 1)","(0, 0, 0, 0)",ok,11.533016383854966,14.208419013425788,5.882898042067406,-7270.061580453263,-7249.668077898899,NVDA,
ARIMA,"(1, 2, 2)","(0, 0, 0, 0)",ok,11.229255123386245,13.822716487577626,5.7609283184571085,-7320.313502463039,-7294.825758209965,NVDA,
ARIMA,"(2, 2, 0)","(0, 0, 0, 0)",ok,25.02417666780167,27.969941964227903,13.160126460721507,-6980.39640711088,-6960.002904556517,NVDA,
ARIMA,"(2, 2, 1)","(0, 0, 0, 0)",ok,11.145225320405872,13.721830776901491,5.726708084863718,-7307.37509964291,-7281.883221449956,NVDA,
ARIMA,"(2, 2, 2)","(0, 0, 0, 0)",ok,12.379010369437873,15.643296999836721,6.199229930859021,-7303.460467312278,-7272.875174208589,NVDA,
SARIMAX,"(0, 1, 0)","(0, 0, 1, 5)",ok,11.296510482748133,13.924567212784204,5.768674770323575,-7307.5407901809795,-7292.253110517687,NVDA,
SARIMAX,"(0, 1, 0)","(0, 1, 1, 5)",ok,10.879369842652505,13.421608400876238,5.614507416325941,-7253.048196705843,-7237.772970360557,NVDA,
SARIMAX,"(0, 1, 0)","(1, 0, 0, 5)",ok,11.303882330637348,13.934470135142599,5.771474470874652,-7314.648938474742,-7299.358774339257,NVDA,
SARIMAX,"(0, 1, 0)","(1, 0, 1, 5)",ok,11.301221221498476,13.93063072517205,5.770473096536656,-7305.253887848844,-7284.870314964453,NVDA,
SARIMAX,"(0, 1, 0)","(1, 1, 0, 5)",ok,11.945528476553148,14.972396918119301,6.009515420176332,-6759.619951491379,-6744.3422303434545,NVDA,
SARIMAX,"(0, 1, 0)","(1, 1, 1, 5)",ok,10.47961174716464,12.992344289098812,5.512349898396858,-7240.961723965122,-7220.5947555047405,NVDA,
SARIMAX,"(0, 1, 1)","(0, 0, 1, 5)",ok,11.300140045095297,13.92627400967203,5.7731613421494385,-7309.156215079705,-7288.775957570557,NVDA,
SARIMAX,"(0, 1, 1)","(0, 1, 0, 5)",ok,13.203721455899492,17.129055890802874,6.535434818549553,-6463.302203995742,-6448.017010863881,NVDA,
SARIMAX,"(0, 1, 1)","(0, 1, 1, 5)",ok,10.605100879685315,13.11355493509002,5.5425399945179805,-7254.467283343654,-7234.103644055334,NVDA,
SARIMAX,"(0, 1, 1)","(1, 0, 0, 5)",ok,11.30082600539138,13.92764710980206,5.773395717841359,-7323.384894208422,-7302.998008694443,NVDA,
SARIMAX,"(0, 1, 1)","(1, 0, 1, 5)",ok,11.300414992858379,13.926667937609553,5.77326811344571,-7306.8949137002,-7281.419591813765,NVDA,
SARIMAX,"(0, 1, 1)","(1, 1, 0, 5)",ok,11.71120224620803,14.580723756657896,5.916807394563703,-6768.663199501059,-6748.292904637161,NVDA,
SARIMAX,"(0, 1, 1)","(1, 1, 1, 5)",ok,10.573641038898693,13.230215090812,5.631763148201447,-7241.179443650657,-7215.724894540257,NVDA,
SARIMAX,"(1, 1, 0)","(0, 0, 1, 5)",ok,11.294834905916849,13.919221001853616,5.771792603148226,-7317.418776238507,-7297.035203354117,NVDA,
SARIMAX,"(1, 1, 0)","(0, 1, 0, 5)",ok,13.05801626182594,16.874069426657478,6.4725031154916834,-6470.504619147683,-6455.21693948439,NVDA,
SARIMAX,"(1, 1, 0)","(0, 1, 1, 5)",ok,10.857279939841032,13.402313339236883,5.6113292316360965,-7261.914723617166,-7241.547755156785,NVDA,
SARIMAX,"(1, 1, 0)","(1, 0, 0, 5)",ok,11.29521348590424,13.921284439245001,5.7718548205931395,-7317.623145228546,-7297.239572344155,NVDA,
SARIMAX,"(1, 1, 0)","(1, 0, 1, 5)",ok,11.29070434075413,13.91412076414342,5.770218981912261,-7315.107982501711,-7289.628516396224,NVDA,
SARIMAX,"(1, 1, 0)","(1, 1, 0, 5)",ok,11.7520826997684,14.626731802782265,5.93780041470418,-6763.825307071419,-6743.458338611038,NVDA,
SARIMAX,"(1, 1, 0)","(1, 1, 1, 5)",ok,10.567372017756753,13.082448362148211,5.562358320727358,-7248.308662096626,-7222.849951521151,NVDA,
SARIMAX,"(1, 1, 1)","(0, 0, 1, 5)",ok,11.293270323267523,13.913062660307617,5.7749559591587944,-7310.316701797857,-7284.841379911421,NVDA,
SARIMAX,"(1, 1, 1)","(0, 1, 0, 5)",ok,11.134412041578948,13.732922222469472,5.7009777617211945,-6489.433411199536,-6469.053153690387,NVDA,
SARIMAX,"(1, 1, 1)","(0, 1, 1, 5)",ok,10.609957375691009,13.114804867118732,5.583767789727285,-7249.593093730998,-7224.138544620598,NVDA,
SARIMAX,"(1, 1, 1)","(1, 0, 0, 5)",ok,11.283208632457617,13.899889102920916,5.771204066334745,-7317.080215495102,-7291.600749389614,NVDA,
SARIMAX,"(1, 1, 1)","(1, 0, 1, 5)",ok,11.29373604661037,13.913747590081275,5.775129733654865,-7308.04287439074,-7277.472488127017,NVDA,
SARIMAX,"(1, 1, 1)","(1, 1, 0, 5)",ok,11.291878086434933,13.945933096618989,5.75835906313151,-6771.768322591155,-6746.30961201568,NVDA,
SARIMAX,"(1, 1, 1)","(1, 1, 1, 5)",ok,10.571706738412413,13.087445077971282,5.551798058401433,-7234.122749692671,-7203.577290760191,NVDA,
